任务,预完成时间,运行时间,设备组,任务数量,后继任务,准备时间,设备,计划开始时间,计划结束时间,排程时间
226750,26880,0.0,-1,2,-1,0,0,0.00,1920.00,2020.8.2
226735,26880,0.0,-1,2,-1,0,0,0.00,1920.00,2020.8.2
308,,0.44,46,6,309,90,145,0.00,92.64,2020.8.2
309,,2.0,43,6,310,90,198,364.65,466.65,2020.8.2
310,,0.96,51,6,311,90,113,2013.20,2108.96,2020.8.2
311,,0.22,44,6,312,60,368,2900.90,2962.22,2020.8.2
312,,1.0,59,6,313,2880,429,82.22,2968.22,2020.8.2
313,,0.07,58,6,314,90,694,2878.22,2968.64,2020.8.2
314,,0.22,44,6,315,60,648,4341.60,4402.92,2020.8.2
315,,0.18,44,6,316,60,98,4751.33,4812.41,2020.8.2
316,,0.24,58,6,226776,90,485,4722.41,4813.85,2020.8.2
317,,4.0,43,3,226776,90,215,4095.96,4197.96,2020.8.2
226776,26880,0.0,-1,6,-1,0,0,4813.85,6733.85,2020.8.2
318,,0.44,46,2,319,90,555,292.62,383.50,2020.8.2
319,,2.0,43,2,320,90,195,2291.25,2385.25,2020.8.2
320,,0.96,51,2,321,90,114,3241.80,3333.72,2020.8.2
321,,0.22,44,2,322,60,308,3273.72,3334.16,2020.8.2
322,,1.0,59,2,323,2880,429,454.16,3336.16,2020.8.2
323,,0.07,58,2,324,90,485,3246.16,3336.30,2020.8.2
324,,0.22,44,2,325,60,368,3913.44,3973.88,2020.8.2
325,,0.18,44,2,326,60,648,4402.92,4463.28,2020.8.2
326,,0.24,58,2,226779,90,721,4373.28,4463.76,2020.8.2
327,,4.0,43,2,226779,90,150,4048.08,4146.08,2020.8.2
226779,26880,0.0,-1,2,-1,0,0,4463.76,6383.76,2020.8.2
710,,1.0,59,50,711,2880,429,0.00,2930.00,2020.8.2
711,,0.04,58,50,712,90,487,2840.00,2932.00,2020.8.2
712,,0.35,44,50,713,60,99,4303.68,4381.18,2020.8.2
713,,0.3,44,50,226740,60,103,5833.55,5908.55,2020.8.2
714,,0.92,50,50,715,90,83,0.00,136.00,2020.8.2
715,,1.0,59,50,716,2880,429,0.00,2930.00,2020.8.2
716,,0.07,58,50,226740,90,469,2840.00,2933.50,2020.8.2
226740,26880,0.0,-1,50,-1,0,0,7507.52,9427.52,2020.8.2
717,,0.8,44,50,226740,60,98,4651.33,4751.33,2020.8.2
718,,1.41,47,50,719,90,176,2926.27,3086.77,2020.8.2
719,,0.8,2,50,720,150,76,2936.77,3126.77,2020.8.2
720,,1.2,43,50,721,90,253,3036.77,3186.77,2020.8.2
721,,0.44,43,50,722,90,206,3447.44,3559.44,2020.8.2
722,,3.43,43,50,723,90,206,3559.44,3820.94,2020.8.2
723,,0.4,44,50,724,60,106,3760.94,3840.94,2020.8.2
724,,0.4,44,50,725,60,103,3962.18,4042.18,2020.8.2
725,,1.0,59,50,726,2880,429,1162.18,4092.18,2020.8.2
726,,0.3,44,50,727,60,648,4463.28,4538.28,2020.8.2
727,,0.48,58,50,226740,90,719,4448.28,4562.28,2020.8.2
728,,3.43,2,50,729,1920,81,0.00,2091.50,2020.8.2
729,,0.05,44,50,730,60,87,2031.50,2094.00,2020.8.2
730,,0.37,46,50,731,90,556,2004.00,2112.50,2020.8.2
731,,0.32,44,50,732,60,648,2074.96,2150.96,2020.8.2
732,,2.4,44,50,733,60,106,3088.50,3268.50,2020.8.2
733,,1.78,43,50,734,90,206,3820.94,3999.94,2020.8.2
734,,0.96,2,50,735,150,25,3849.94,4047.94,2020.8.2
735,,0.37,44,50,736,60,103,4877.45,4955.95,2020.8.2
736,,0.8,58,50,226740,90,723,4865.95,4995.95,2020.8.2
737,,2.0,2,22,738,150,74,0.00,194.00,2020.8.2
738,,0.86,2,22,739,150,65,44.00,212.92,2020.8.2
739,,1.6,43,22,740,90,137,1744.40,1869.60,2020.8.2
740,,0.62,43,22,741,90,142,2117.34,2220.98,2020.8.2
741,,1.1,51,22,742,90,113,3393.32,3507.52,2020.8.2
742,,0.57,51,21,743,90,114,3846.84,3948.81,2020.8.2
743,,0.55,43,21,744,90,215,3858.81,3960.36,2020.8.2
744,,1.6,43,21,745,90,215,3972.36,4095.96,2020.8.2
745,,0.69,2,21,746,150,126,3945.96,4110.45,2020.8.2
746,,0.92,44,21,747,60,103,7173.40,7252.72,2020.8.2
747,,0.86,58,21,760,60,465,7192.72,7270.78,2020.8.2
748,,0.56,24,38,749,90,552,183.36,294.64,2020.8.2
749,,0.8,2,38,750,960,85,0.00,990.40,2020.8.2
750,,0.56,43,38,751,90,253,1164.00,1275.28,2020.8.2
751,,0.8,50,38,752,90,82,1185.28,1305.68,2020.8.2
752,,1.0,59,38,753,2880,429,0.00,2918.00,2020.8.2
753,,0.3,58,38,754,90,695,2828.00,2929.40,2020.8.2
754,,0.4,2,38,755,150,75,2779.40,2944.60,2020.8.2
755,,0.3,44,38,756,60,368,3669.48,3740.88,2020.8.2
756,,1.6,44,38,757,60,648,4021.98,4142.78,2020.8.2
757,,0.34,44,38,758,60,103,4394.94,4467.86,2020.8.2
758,,1.33,44,38,759,60,368,6636.70,6747.24,2020.8.2
759,,0.27,58,38,760,90,718,6657.24,6757.50,2020.8.2
760,,1.5,44,40,761,0,103,7436.72,7496.72,2020.8.2
761,,0.27,58,40,226740,0,723,7496.72,7507.52,2020.8.2
1253,,0.24,44,302,1254,60,66,0.00,132.48,2020.8.2
1254,,0.37,46,302,1255,90,555,90.88,292.62,2020.8.2
1255,,0.6,51,302,1256,90,115,202.62,473.82,2020.8.2
1256,,0.51,44,302,1257,60,648,413.82,627.84,2020.8.2
1257,,1.0,59,302,1258,2880,429,0.00,3182.00,2020.8.2
1258,,0.04,58,302,1259,90,475,3092.00,3194.08,2020.8.2
1259,,0.18,44,302,1260,60,648,3134.08,3248.44,2020.8.2
1260,,0.2,44,302,1261,60,95,3574.50,3694.90,2020.8.2
1261,,0.86,44,302,1262,60,103,5100.97,5420.69,2020.8.2
1262,,0.2,44,302,1263,60,103,7316.32,7436.72,2020.8.2
1263,,0.51,58,302,226751,90,694,7346.72,7590.74,2020.8.2
1264,,1.0,59,2,1265,2880,429,0.00,2882.00,2020.8.2
1265,,0.04,58,2,1266,90,468,2792.00,2882.08,2020.8.2
1266,,0.89,44,2,1267,60,648,3474.04,3535.82,2020.8.2
1267,,0.86,44,2,1268,60,98,4369.20,4430.92,2020.8.2
1268,,0.24,44,2,226751,60,103,5625.14,5685.62,2020.8.2
226751,26880,0.0,-1,2,-1,0,0,7590.74,9510.74,2020.8.2
1269,,0.44,46,2,1270,90,555,0.00,90.88,2020.8.2
1270,,1.33,43,2,1271,90,142,0.88,93.54,2020.8.2
1271,,0.8,51,2,1272,90,113,1921.60,2013.20,2020.8.2
1272,,0.44,44,2,1273,60,648,1953.20,2014.08,2020.8.2
1273,,1.0,59,2,1274,2880,429,0.00,2882.00,2020.8.2
1274,,0.06,58,2,1275,90,714,2792.00,2882.12,2020.8.2
1275,,0.44,44,2,1276,60,87,3309.43,3370.31,2020.8.2
1276,,0.37,44,2,1277,60,308,6665.60,6726.34,2020.8.2
1277,,0.16,44,2,1278,60,308,7171.61,7231.93,2020.8.2
1278,,0.24,58,2,226751,90,715,7141.93,7232.41,2020.8.2
1279,,0.89,50,2,1280,90,88,0.00,91.78,2020.8.2
1280,,0.34,58,2,1281,90,465,1.78,92.46,2020.8.2
1281,,1.0,59,2,1282,2880,429,0.00,2882.00,2020.8.2
1282,,0.03,58,2,226751,90,466,2792.00,2882.06,2020.8.2
1283,,1.2,47,2,1284,90,185,356.70,449.10,2020.8.2
1284,,0.53,43,2,1285,90,204,359.10,450.16,2020.8.2
1285,,2.0,2,2,1286,150,127,300.16,454.16,2020.8.2
1286,,0.67,43,2,1287,90,137,1653.06,1744.40,2020.8.2
1287,,1.0,59,2,1288,2880,429,0.00,2882.00,2020.8.2
1288,,0.43,51,2,1289,90,113,3302.46,3393.32,2020.8.2
1289,,0.57,44,2,1290,60,103,3837.84,3898.98,2020.8.2
1290,,0.37,44,2,1291,60,98,3903.49,3964.23,2020.8.2
1291,,1.0,59,2,1292,2880,429,1084.23,3966.23,2020.8.2
1292,,1.2,2,2,1293,150,623,3816.23,3968.63,2020.8.2
1293,,0.2,44,2,1294,60,99,7238.77,7299.17,2020.8.2
1294,,0.38,58,2,226751,90,724,7209.17,7299.93,2020.8.2
1437,,1.0,59,62,1438,2880,429,0.00,2942.00,2020.8.2
1438,,0.04,58,62,1439,90,477,2852.00,2944.48,2020.8.2
1439,,0.69,44,62,1440,60,98,2884.48,2987.26,2020.8.2
1440,,0.24,44,62,226736,60,95,2927.26,3002.14,2020.8.2
1441,,1.0,59,402,1442,2880,429,0.00,3282.00,2020.8.2
1442,,0.05,58,402,1443,90,486,3192.00,3302.10,2020.8.2
1443,,0.28,44,402,1444,60,368,3740.88,3913.44,2020.8.2
1444,,0.27,44,402,226736,60,648,3853.44,4021.98,2020.8.2
226736,26880,0.0,-1,150,-1,0,0,7212.11,9132.11,2020.8.2
1445,,0.56,24,150,1446,90,306,91.68,265.68,2020.8.2
1446,,0.8,2,150,1447,960,288,0.00,1080.00,2020.8.2
1447,,0.56,43,150,1448,90,253,990.00,1164.00,2020.8.2
1448,,1.0,59,150,1449,2880,429,0.00,3030.00,2020.8.2
1449,,0.3,58,150,1450,90,482,2940.00,3075.00,2020.8.2
1450,,0.4,2,150,1451,150,72,2925.00,3135.00,2020.8.2
1451,,0.3,44,150,1452,60,106,3611.40,3716.40,2020.8.2
1452,,2.0,44,150,1453,60,103,6405.56,6765.56,2020.8.2
1453,,0.34,44,150,1454,60,99,6861.11,6972.11,2020.8.2
1454,,1.33,44,150,1455,60,308,6912.11,7171.61,2020.8.2
1455,,0.27,58,150,226736,90,489,7081.61,7212.11,2020.8.2
1748,,1.0,59,10,1749,2880,429,0.00,2890.00,2020.8.2
1749,,0.04,58,10,1750,90,696,2800.00,2890.40,2020.8.2
1750,,0.89,44,10,1751,60,66,2830.40,2899.30,2020.8.2
1751,,0.86,44,10,1752,60,87,2891.12,2959.72,2020.8.2
1752,,0.24,44,10,226757,60,308,5623.76,5686.16,2020.8.2
1753,,0.44,46,10,1754,90,555,383.50,477.90,2020.8.2
1754,,1.33,43,10,1755,90,253,2098.36,2201.66,2020.8.2
1755,,0.8,51,10,1756,90,113,3204.46,3302.46,2020.8.2
1756,,0.44,44,10,1757,60,87,3439.31,3503.71,2020.8.2
1757,,1.0,59,10,1758,2880,429,623.71,3513.71,2020.8.2
1758,,0.06,58,10,1759,90,716,3423.71,3514.31,2020.8.2
1759,,0.44,44,10,1760,60,648,4538.28,4602.68,2020.8.2
1760,,0.37,44,10,1761,60,98,4812.41,4876.11,2020.8.2
1761,,0.16,44,10,1762,60,99,6010.40,6072.00,2020.8.2
1762,,0.24,58,10,226757,90,694,5982.00,6074.40,2020.8.2
226757,26880,0.0,-1,10,-1,0,0,6952.00,8872.00,2020.8.2
1763,,1.6,47,10,1764,90,183,544.20,650.20,2020.8.2
1764,,0.53,43,10,1765,90,137,1557.76,1653.06,2020.8.2
1765,,1.85,2,10,1766,150,282,1503.06,1671.56,2020.8.2
1766,,2.18,43,10,1767,90,215,3194.80,3306.60,2020.8.2
1767,,0.8,43,10,1768,90,137,3349.30,3447.30,2020.8.2
1768,,0.8,44,10,1769,60,95,3506.50,3574.50,2020.8.2
1769,,0.4,44,10,1770,60,87,3945.96,4009.96,2020.8.2
1770,,1.0,59,10,1771,2880,429,1129.96,4019.96,2020.8.2
1771,,2.53,2,10,1772,150,76,3869.96,4045.26,2020.8.2
1772,,0.24,44,10,1773,60,368,6885.80,6948.20,2020.8.2
1773,,0.38,58,10,226757,90,719,6858.20,6952.00,2020.8.2
1774,,1.2,47,10,1775,90,185,0.00,102.00,2020.8.2
1775,,0.53,43,10,1776,90,204,1096.00,1191.30,2020.8.2
1776,,2.0,2,10,1777,150,363,1041.30,1211.30,2020.8.2
1777,,0.67,43,10,1778,90,137,2222.40,2319.10,2020.8.2
1778,,1.0,59,10,1779,2880,429,0.00,2890.00,2020.8.2
1779,,0.43,51,10,1780,90,112,3275.50,3369.80,2020.8.2
1780,,0.57,44,10,1781,60,95,3309.80,3375.50,2020.8.2
1781,,0.37,44,10,1782,60,106,3329.30,3393.00,2020.8.2
1782,,1.0,59,10,1783,2880,429,513.00,3403.00,2020.8.2
1783,,1.2,2,10,1784,150,127,3253.00,3415.00,2020.8.2
1784,,0.2,44,10,1785,60,308,6286.88,6348.88,2020.8.2
1785,,0.38,58,10,226757,90,727,6258.88,6352.68,2020.8.2
1786,,1.0,59,15,1787,2880,429,0.00,2895.00,2020.8.2
1787,,0.04,58,15,1788,90,722,2805.00,2895.60,2020.8.2
1788,,0.89,44,15,1789,60,99,3729.97,3803.32,2020.8.2
1789,,0.86,44,15,1790,60,98,6373.15,6446.05,2020.8.2
1790,,0.24,44,15,226763,60,103,7252.72,7316.32,2020.8.2
1791,,0.44,46,15,1792,90,64,90.60,187.20,2020.8.2
1792,,1.33,43,15,1793,90,204,97.20,207.15,2020.8.2
1793,,0.8,51,15,1794,90,120,259.60,361.60,2020.8.2
1794,,0.44,44,15,1795,60,648,2150.96,2217.56,2020.8.2
1795,,1.0,59,15,1796,2880,429,0.00,2895.00,2020.8.2
1796,,0.06,58,15,1797,90,724,2805.00,2895.90,2020.8.2
1797,,0.44,44,15,1798,60,87,4402.17,4468.77,2020.8.2
1798,,0.37,44,15,1799,60,99,6132.90,6198.45,2020.8.2
1799,,0.16,44,15,1800,60,308,6216.48,6278.88,2020.8.2
1800,,0.24,58,15,226763,90,467,6188.88,6282.48,2020.8.2
226763,26880,0.0,-1,15,-1,0,0,7316.32,9236.32,2020.8.2
1801,,1.6,47,15,1802,90,185,242.70,356.70,2020.8.2
1802,,0.53,43,15,1803,90,198,266.70,364.65,2020.8.2
1803,,1.85,2,15,1804,150,75,214.65,392.40,2020.8.2
1804,,2.18,43,15,1805,90,143,302.40,425.10,2020.8.2
1805,,0.8,43,15,1806,90,204,450.16,552.16,2020.8.2
1806,,0.8,44,15,1807,60,308,3461.11,3533.11,2020.8.2
1807,,0.4,44,15,1808,60,103,3771.84,3837.84,2020.8.2
1808,,1.0,59,15,1809,2880,429,957.84,3852.84,2020.8.2
1809,,2.53,2,15,1810,150,294,3702.84,3890.79,2020.8.2
1810,,0.24,44,15,1811,60,99,4517.44,4581.04,2020.8.2
1811,,0.38,58,15,226763,90,723,4491.04,4586.74,2020.8.2
1812,,1.2,47,15,1813,90,627,0.00,108.00,2020.8.2
1813,,0.53,43,15,1814,90,137,18.00,115.95,2020.8.2
1814,,2.0,2,15,1815,150,69,0.00,180.00,2020.8.2
1815,,0.67,43,15,1816,90,137,596.00,696.05,2020.8.2
1816,,1.0,59,15,1817,2880,429,0.00,2895.00,2020.8.2
1817,,0.43,51,15,1818,90,120,2902.20,2998.65,2020.8.2
1818,,0.57,44,15,1819,60,103,2938.65,3007.20,2020.8.2
1819,,0.37,44,15,1820,60,308,3395.56,3461.11,2020.8.2
1820,,1.0,59,15,1821,2880,429,581.11,3476.11,2020.8.2
1821,,1.2,2,15,1822,150,78,3326.11,3494.11,2020.8.2
1822,,0.2,44,15,1823,60,99,7112.41,7175.41,2020.8.2
1823,,0.38,58,15,226763,90,468,7085.41,7181.11,2020.8.2
1824,,8.4,2,268,1825,1920,287,0.00,4171.20,2020.8.2
1825,,1.92,2,268,1826,90,124,4081.20,4685.76,2020.8.2
1826,,2.4,2,268,1827,150,290,4535.76,5328.96,2020.8.2
1827,,0.6,58,268,1828,90,728,5238.96,5489.76,2020.8.2
1828,,0.5,44,268,1829,60,308,5429.76,5623.76,2020.8.2
1829,,0.48,44,268,1830,60,99,5563.76,5752.40,2020.8.2
1830,,0.48,58,268,226769,90,486,5662.40,5881.04,2020.8.2
1831,,1.0,59,20,1832,2880,429,0.00,2900.00,2020.8.2
1832,,0.04,58,20,1833,90,479,2810.00,2900.80,2020.8.2
1833,,0.89,44,20,1834,60,66,4776.99,4854.79,2020.8.2
1834,,0.86,44,20,1835,60,99,4972.55,5049.75,2020.8.2
1835,,0.24,44,20,226769,60,308,6600.80,6665.60,2020.8.2
226769,26880,0.0,-1,20,-1,0,0,6815.24,8735.24,2020.8.2
1836,,0.44,46,20,1837,90,141,90.88,189.68,2020.8.2
1837,,1.33,43,20,1838,90,203,965.44,1082.04,2020.8.2
1838,,0.8,51,20,1839,90,120,2998.65,3104.65,2020.8.2
1839,,0.44,44,20,1840,60,87,3044.65,3113.45,2020.8.2
1840,,1.0,59,20,1841,2880,429,233.45,3133.45,2020.8.2
1841,,0.06,58,20,1842,90,726,3043.45,3134.65,2020.8.2
1842,,0.44,44,20,1843,60,87,3240.63,3309.43,2020.8.2
1843,,0.37,44,20,1844,60,98,6571.11,6638.51,2020.8.2
1844,,0.16,44,20,1845,60,368,6747.24,6810.44,2020.8.2
1845,,0.24,58,20,226769,90,726,6720.44,6815.24,2020.8.2
1846,,1.6,47,20,1847,90,183,650.20,772.20,2020.8.2
1847,,0.53,43,20,1848,90,253,1275.28,1375.88,2020.8.2
1848,,1.85,2,20,1849,150,618,1225.88,1412.88,2020.8.2
1849,,2.18,43,20,1850,90,137,2603.46,2737.06,2020.8.2
1850,,0.8,43,20,1851,90,137,3447.30,3553.30,2020.8.2
1851,,0.8,44,20,1852,60,648,4142.78,4218.78,2020.8.2
1852,,0.4,44,20,1853,60,66,4158.78,4226.78,2020.8.2
1853,,1.0,59,20,1854,2880,429,1346.78,4246.78,2020.8.2
1854,,2.53,2,20,1855,150,618,4096.78,4297.38,2020.8.2
1855,,0.24,44,20,1856,60,368,6337.34,6402.14,2020.8.2
1856,,0.38,58,20,226769,90,475,6312.14,6409.74,2020.8.2
1857,,1.2,47,20,1858,90,185,102.00,216.00,2020.8.2
1858,,0.53,43,20,1859,90,150,172.30,272.90,2020.8.2
1859,,2.0,2,20,1860,150,290,122.90,312.90,2020.8.2
1860,,0.67,43,20,1861,90,150,2241.00,2344.40,2020.8.2
1861,,1.0,59,20,1862,2880,429,0.00,2900.00,2020.8.2
1862,,0.43,51,20,1863,90,113,3599.44,3698.04,2020.8.2
1863,,0.57,44,20,1864,60,103,3638.04,3709.44,2020.8.2
1864,,0.37,44,20,1865,60,106,3840.94,3908.34,2020.8.2
1865,,1.0,59,20,1866,2880,429,1028.34,3928.34,2020.8.2
1866,,1.2,2,20,1867,150,75,3778.34,3952.34,2020.8.2
1867,,0.2,44,20,1868,60,99,6686.11,6750.11,2020.8.2
1868,,0.38,58,20,226769,90,698,6660.11,6757.71,2020.8.2
226717,26880,0.0,-1,2,-1,0,0,0.00,1920.00,2020.8.2
226722,26880,0.0,-1,2,-1,0,0,0.00,1920.00,2020.8.2
226723,26880,0.0,-1,2,-1,0,0,0.00,1920.00,2020.8.2
226724,26880,0.0,-1,2,-1,0,0,0.00,1920.00,2020.8.2
296,,8.0,2,2,297,0,73,0.00,16.00,2020.8.2
297,,1.0,59,2,298,0,429,16.00,18.00,2020.8.2
298,,0.24,58,2,299,0,483,18.00,18.48,2020.8.2
299,,0.69,44,2,300,0,87,2094.00,2095.38,2020.8.2
300,,7.5,44,2,301,0,66,4359.88,4374.88,2020.8.2
301,,4.0,44,2,226718,0,308,6278.88,6286.88,2020.8.2
226718,26880,0.0,-1,2,-1,0,0,0.00,1920.00,2020.8.2
302,,8.0,2,2,303,0,293,0.00,16.00,2020.8.2
303,,1.0,59,2,304,0,429,16.00,18.00,2020.8.2
304,,0.24,58,2,305,0,479,18.00,18.48,2020.8.2
305,,0.69,44,2,306,0,87,3176.45,3177.83,2020.8.2
306,,7.5,44,2,307,0,98,3436.49,3451.49,2020.8.2
307,,4.0,44,2,226720,0,98,3451.49,3459.49,2020.8.2
226720,26880,0.0,-1,2,-1,0,0,0.00,1920.00,2020.8.2
657,,1.0,59,3,658,2880,429,0.00,2883.00,2020.8.2
658,,0.06,58,3,659,90,428,2793.00,2883.18,2020.8.2
659,,0.31,44,3,660,60,98,4027.53,4088.46,2020.8.2
660,,0.27,44,3,226710,60,99,4774.04,4834.85,2020.8.2
661,,1.0,59,3,662,2880,429,0.00,2883.00,2020.8.2
662,,0.04,58,3,663,90,694,2793.00,2883.12,2020.8.2
663,,0.35,44,3,664,60,99,3471.63,3532.68,2020.8.2
664,,0.3,44,3,226710,60,368,6215.76,6276.66,2020.8.2
226710,26880,0.0,-1,3,-1,0,0,6898.70,8818.70,2020.8.2
665,,3.0,2,3,666,1920,297,0.00,1929.00,2020.8.2
666,,0.48,44,3,667,60,95,1869.00,1930.44,2020.8.2
667,,0.37,46,3,668,90,145,1840.44,1931.55,2020.8.2
668,,0.32,44,3,669,60,95,1930.44,1991.40,2020.8.2
669,,2.0,44,3,670,60,66,2532.48,2598.48,2020.8.2
670,,1.66,43,3,671,90,137,2508.48,2603.46,2020.8.2
671,,0.96,2,3,672,150,127,2453.46,2606.34,2020.8.2
672,,0.37,44,3,673,60,99,3334.52,3395.63,2020.8.2
673,,0.8,58,3,226710,90,488,3305.63,3398.03,2020.8.2
674,,0.56,24,3,675,90,306,0.00,91.68,2020.8.2
675,,0.8,2,3,676,960,557,0.00,962.40,2020.8.2
676,,0.56,43,3,677,90,142,2025.66,2117.34,2020.8.2
677,,1.0,59,3,678,2880,429,0.00,2883.00,2020.8.2
678,,0.3,58,3,679,90,719,2793.00,2883.90,2020.8.2
679,,0.4,2,3,680,150,293,2733.90,2885.10,2020.8.2
680,,0.3,44,3,681,60,648,4280.70,4341.60,2020.8.2
681,,2.0,44,3,682,60,66,4710.99,4776.99,2020.8.2
682,,0.34,44,3,683,60,103,4955.95,5016.97,2020.8.2
683,,1.33,44,3,684,60,106,6833.90,6897.89,2020.8.2
684,,0.27,58,3,226710,90,714,6807.89,6898.70,2020.8.2
904,,8.0,2,253,905,0,298,0.00,2024.00,2020.8.2
905,,1.0,59,253,906,0,429,2024.00,2277.00,2020.8.2
906,,0.24,58,253,907,0,485,2277.00,2337.72,2020.8.2
907,,0.69,44,253,908,0,98,2337.72,2512.29,2020.8.2
908,,7.5,44,253,909,0,368,4035.12,5932.62,2020.8.2
909,,4.0,44,253,226715,0,648,5932.62,6944.62,2020.8.2
226715,26880,0.0,-1,13,-1,0,0,0.00,1920.00,2020.8.2
1122,,1.0,59,10,1123,2880,429,0.00,2890.00,2020.8.2
1123,,0.04,58,10,1124,90,469,2800.00,2890.40,2020.8.2
1124,,0.28,44,10,1125,60,87,3177.83,3240.63,2020.8.2
1125,,0.3,44,10,226725,60,95,3443.50,3506.50,2020.8.2
1126,,0.3,44,211,1127,60,103,0.00,123.30,2020.8.2
1127,,0.53,46,211,1128,90,556,33.30,235.13,2020.8.2
1128,,2.4,43,211,1129,90,137,961.36,1557.76,2020.8.2
1129,,0.55,44,211,1130,60,103,1999.02,2175.07,2020.8.2
1130,,0.92,2,211,1131,150,77,2025.07,2369.19,2020.8.2
1131,,0.24,58,211,1132,90,710,2279.19,2419.83,2020.8.2
1132,,1.0,59,211,1133,2880,429,0.00,3091.00,2020.8.2
1133,,0.08,58,211,1134,90,718,3001.00,3107.88,2020.8.2
1134,,0.48,44,211,1135,60,98,3275.21,3436.49,2020.8.2
1135,,2.29,44,211,1136,60,66,3611.94,4155.13,2020.8.2
1136,,1.26,44,11,1137,60,103,5551.28,5625.14,2020.8.2
1137,,1.33,44,11,1138,60,103,5685.62,5760.25,2020.8.2
1138,,0.8,58,11,1139,90,479,5670.25,5769.05,2020.8.2
1139,,0.6,58,11,226725,90,468,5679.05,5775.65,2020.8.2
226725,26880,0.0,-1,10,-1,0,0,4944.11,6864.11,2020.8.2
1140,,0.6,46,10,1141,90,310,210.60,306.60,2020.8.2
1141,,0.44,2,10,1142,150,367,156.60,311.00,2020.8.2
1142,,0.56,24,10,1143,90,552,684.62,780.22,2020.8.2
1143,,0.8,51,10,1144,960,120,361.60,1329.60,2020.8.2
1144,,0.56,43,10,1145,90,253,1911.64,2007.24,2020.8.2
1145,,1.0,59,10,1146,2880,429,0.00,2890.00,2020.8.2
1146,,0.3,58,10,1147,90,715,2800.00,2893.00,2020.8.2
1147,,0.4,2,10,1148,150,291,2743.00,2897.00,2020.8.2
1148,,0.3,44,10,1149,60,87,3113.45,3176.45,2020.8.2
1149,,1.6,44,10,1150,60,99,3395.63,3471.63,2020.8.2
1150,,0.34,44,10,1151,60,103,4528.22,4591.62,2020.8.2
1151,,0.8,44,10,1152,60,98,4876.11,4944.11,2020.8.2
1152,,1.33,44,10,1153,60,103,5760.25,5833.55,2020.8.2
1153,,0.27,58,10,226725,90,724,5743.55,5836.25,2020.8.2
1154,,1.0,59,12,1155,2880,429,0.00,2892.00,2020.8.2
1155,,0.04,58,12,1156,90,481,2802.00,2892.48,2020.8.2
1156,,0.28,44,12,1157,60,99,7175.41,7238.77,2020.8.2
1157,,0.3,44,12,226731,60,308,7357.73,7421.33,2020.8.2
1158,,0.6,46,12,1159,90,141,189.68,286.88,2020.8.2
1159,,0.44,2,12,1160,150,622,136.88,292.16,2020.8.2
1160,,0.56,24,12,1161,90,552,780.22,876.94,2020.8.2
1161,,0.8,51,12,1162,960,120,3223.72,4193.32,2020.8.2
1162,,0.56,43,12,1163,90,198,4103.32,4200.04,2020.8.2
1163,,1.0,59,12,1164,2880,429,1320.04,4212.04,2020.8.2
1164,,0.3,58,12,1165,90,483,4122.04,4215.64,2020.8.2
1165,,0.4,2,12,1166,150,281,4065.64,4220.44,2020.8.2
1166,,0.3,44,12,1167,60,106,4160.44,4224.04,2020.8.2
1167,,1.6,44,12,1168,60,99,4164.04,4243.24,2020.8.2
1168,,0.34,44,12,1169,60,98,4183.24,4247.32,2020.8.2
1169,,0.8,44,12,1170,60,66,4290.28,4359.88,2020.8.2
1170,,1.33,44,12,1171,60,99,4381.18,4457.14,2020.8.2
1171,,0.27,58,12,226731,90,481,4367.14,4460.38,2020.8.2
226731,26880,0.0,-1,12,-1,0,0,7421.33,9341.33,2020.8.2
226590,26880,0.0,-1,1,-1,0,0,0.00,1920.00,2020.8.2
226591,26880,0.0,-1,3,-1,0,0,0.00,1920.00,2020.8.2
226604,26880,0.0,-1,5,-1,0,0,0.00,1920.00,2020.8.2
226605,26880,0.0,-1,10,-1,0,0,0.00,1920.00,2020.8.2
226643,26880,0.0,-1,1,-1,0,0,0.00,1920.00,2020.8.2
226670,26880,0.0,-1,2,-1,0,0,0.00,1920.00,2020.8.2
226698,26880,0.0,-1,2,-1,0,0,0.00,1920.00,2020.8.2
291,,4.36,44,19,292,60,98,0.00,142.84,2020.8.2
292,,8.0,44,20,226667,60,308,5936.16,6156.16,2020.8.2
226667,26880,0.0,-1,20,-1,0,0,0.00,1920.00,2020.8.2
293,,2.4,47,3,294,90,183,2861.91,2959.11,2020.8.2
294,,6.0,2,3,295,150,79,2809.11,2977.11,2020.8.2
295,,2.4,51,3,226685,90,114,3333.72,3430.92,2020.8.2
226685,26880,0.0,-1,2,-1,0,0,0.00,1920.00,2020.8.2
436,,1.0,59,10,437,2880,429,0.00,2890.00,2020.8.2
437,,0.04,58,10,438,90,723,2800.00,2890.40,2020.8.2
438,,0.35,44,10,439,60,103,4331.44,4394.94,2020.8.2
439,,0.3,44,10,226629,60,99,7359.65,7422.65,2020.8.2
440,,2.0,2,5,441,150,77,0.00,160.00,2020.8.2
441,,0.86,2,5,442,150,70,10.00,164.30,2020.8.2
442,,1.6,43,5,443,90,150,74.30,172.30,2020.8.2
443,,0.62,43,5,444,90,195,93.54,186.64,2020.8.2
444,,1.1,51,5,445,90,113,3108.96,3204.46,2020.8.2
445,,0.57,51,5,446,90,114,3535.32,3628.17,2020.8.2
446,,0.55,43,5,447,90,150,3538.17,3630.92,2020.8.2
447,,1.6,43,5,448,90,195,4113.73,4211.73,2020.8.2
448,,0.6,51,5,449,90,120,4301.32,4394.32,2020.8.2
449,,0.48,44,5,450,60,98,6508.71,6571.11,2020.8.2
450,,0.69,2,5,451,150,68,6421.11,6574.56,2020.8.2
451,,0.92,44,5,452,60,308,7293.13,7357.73,2020.8.2
452,,0.86,58,5,226629,60,486,7297.73,7362.03,2020.8.2
226629,26880,0.0,-1,10,-1,0,0,7422.65,9342.65,2020.8.2
515,,0.6,46,1,516,90,64,0.00,90.60,2020.8.2
516,,0.44,2,1,517,150,71,0.00,150.44,2020.8.2
517,,0.56,24,1,518,90,552,294.64,385.20,2020.8.2
518,,0.8,51,1,519,960,113,960.80,1921.60,2020.8.2
519,,0.56,43,1,520,90,150,1831.60,1922.16,2020.8.2
520,,1.0,59,1,521,2880,429,0.00,2881.00,2020.8.2
521,,0.3,58,1,522,90,484,2791.00,2881.30,2020.8.2
522,,0.4,2,1,523,150,292,2731.30,2881.70,2020.8.2
523,,0.3,44,1,524,60,308,2963.96,3024.26,2020.8.2
524,,1.6,44,1,525,60,87,3729.31,3790.91,2020.8.2
525,,0.34,44,1,526,60,99,3873.52,3933.86,2020.8.2
526,,0.8,44,1,527,60,368,6402.14,6462.94,2020.8.2
527,,1.33,44,1,528,60,98,6699.31,6760.64,2020.8.2
528,,0.27,58,1,226699,90,725,6670.64,6760.91,2020.8.2
226699,26880,0.0,-1,1,-1,0,0,0.00,1920.00,2020.8.2
557,,1.0,59,4,558,2880,429,0.00,2884.00,2020.8.2
558,,0.06,58,4,559,90,698,2794.00,2884.24,2020.8.2
559,,0.31,44,4,560,60,368,3973.88,4035.12,2020.8.2
560,,0.27,44,4,226585,60,308,6414.88,6475.96,2020.8.2
561,,1.0,59,4,562,2880,429,0.00,2884.00,2020.8.2
562,,0.04,58,4,563,90,479,2794.00,2884.16,2020.8.2
563,,0.35,44,4,564,60,308,3334.16,3395.56,2020.8.2
564,,0.3,44,4,226585,60,308,7231.93,7293.13,2020.8.2
226585,26880,0.0,-1,4,-1,0,0,7293.13,9213.13,2020.8.2
565,,3.43,2,4,566,1920,283,0.00,1933.72,2020.8.2
566,,0.05,44,4,567,60,103,1873.72,1933.92,2020.8.2
567,,0.37,46,4,568,90,141,1843.92,1935.40,2020.8.2
568,,0.32,44,4,569,60,308,3024.26,3085.54,2020.8.2
569,,2.4,44,4,570,60,368,3599.88,3669.48,2020.8.2
570,,1.78,43,4,571,90,215,3579.48,3676.60,2020.8.2
571,,0.96,2,4,572,150,283,3526.60,3680.44,2020.8.2
572,,0.37,44,4,573,60,103,6282.75,6344.23,2020.8.2
573,,0.8,58,4,226585,90,488,6254.23,6347.43,2020.8.2
574,,0.56,24,4,575,90,552,91.12,183.36,2020.8.2
575,,0.8,2,4,576,960,80,0.00,963.20,2020.8.2
576,,0.56,43,4,577,90,203,873.20,965.44,2020.8.2
577,,1.0,59,4,578,2880,429,0.00,2884.00,2020.8.2
578,,0.3,58,4,579,90,487,2794.00,2885.20,2020.8.2
579,,0.4,2,4,580,150,73,2735.20,2886.80,2020.8.2
580,,0.3,44,4,581,60,648,3348.44,3409.64,2020.8.2
581,,2.0,44,4,582,60,95,3375.50,3443.50,2020.8.2
582,,0.34,44,4,583,60,103,4216.08,4277.44,2020.8.2
583,,1.33,44,4,584,60,66,4374.88,4440.20,2020.8.2
584,,0.27,58,4,226585,90,489,4350.20,4441.28,2020.8.2
585,,0.44,46,2,586,90,64,187.20,278.08,2020.8.2
586,,2.0,43,2,587,90,203,3095.27,3189.27,2020.8.2
587,,0.96,51,2,588,90,113,3507.52,3599.44,2020.8.2
588,,0.22,44,2,589,60,368,3539.44,3599.88,2020.8.2
589,,1.0,59,2,590,2880,429,719.88,3601.88,2020.8.2
590,,0.07,58,2,591,90,698,3511.88,3602.02,2020.8.2
591,,0.22,44,2,592,60,99,4243.24,4303.68,2020.8.2
592,,0.18,44,2,593,60,103,4467.86,4528.22,2020.8.2
593,,0.24,58,2,226606,90,693,4438.22,4528.70,2020.8.2
594,,3.81,47,2,595,1920,176,0.00,1927.62,2020.8.2
595,,1.0,59,2,596,2880,429,0.00,2882.00,2020.8.2
596,,0.48,51,2,597,90,112,2792.00,2882.96,2020.8.2
597,,0.24,43,2,598,90,206,2792.96,2883.44,2020.8.2
598,,0.37,44,2,599,60,308,2823.44,2884.18,2020.8.2
599,,0.4,44,2,600,60,99,2824.18,2884.98,2020.8.2
600,,1.0,59,2,601,2880,429,4.98,2886.98,2020.8.2
601,,1.26,2,2,602,150,285,2736.98,2889.50,2020.8.2
602,,0.3,44,2,603,60,66,4854.79,4915.39,2020.8.2
603,,0.44,58,2,226606,90,721,4825.39,4916.27,2020.8.2
226606,26880,0.0,-1,2,-1,0,0,7486.28,9406.28,2020.8.2
604,,2.67,47,202,605,90,185,2463.63,3092.97,2020.8.2
605,,4.0,2,202,606,150,644,2942.97,3900.97,2020.8.2
606,,1.0,43,202,607,90,142,3810.97,4102.97,2020.8.2
607,,1.2,2,202,608,90,289,4012.97,4345.37,2020.8.2
608,,1.33,2,202,609,150,622,4195.37,4614.03,2020.8.2
609,,0.53,58,202,610,90,465,4524.03,4721.09,2020.8.2
610,,0.57,44,202,611,60,368,6040.62,6215.76,2020.8.2
611,,0.6,44,202,612,60,368,7179.84,7361.04,2020.8.2
612,,0.62,58,202,226606,90,480,7271.04,7486.28,2020.8.2
613,,1.0,59,8,614,2880,429,0.00,2888.00,2020.8.2
614,,0.04,58,8,615,90,466,2798.00,2888.32,2020.8.2
615,,0.35,44,8,616,60,87,2828.32,2891.12,2020.8.2
616,,0.3,44,8,226633,60,103,3709.44,3771.84,2020.8.2
226633,26880,0.0,-1,8,-1,0,0,0.00,1920.00,2020.8.2
617,,1.0,59,3,618,2880,429,0.00,2883.00,2020.8.2
618,,0.04,58,3,619,90,478,2793.00,2883.12,2020.8.2
619,,0.35,44,3,620,60,87,3884.91,3945.96,2020.8.2
620,,0.3,44,3,226635,60,99,6072.00,6132.90,2020.8.2
226635,26880,0.0,-1,3,-1,0,0,0.00,1920.00,2020.8.2
621,,1.0,59,1,622,2880,429,0.00,2881.00,2020.8.2
622,,0.06,58,1,623,90,717,2791.00,2881.06,2020.8.2
623,,0.31,44,1,624,60,98,2987.26,3047.57,2020.8.2
624,,0.27,44,1,226658,60,103,4712.76,4773.03,2020.8.2
625,,1.0,59,1,626,2880,429,0.00,2881.00,2020.8.2
626,,0.04,58,1,627,90,466,2791.00,2881.04,2020.8.2
627,,0.35,44,1,628,60,98,4430.92,4491.27,2020.8.2
628,,0.3,44,1,226658,60,99,4457.14,4517.44,2020.8.2
226658,26880,0.0,-1,1,-1,0,0,4773.03,6693.03,2020.8.2
629,,1.0,59,150,630,2880,429,0.00,3030.00,2020.8.2
630,,0.06,58,150,631,90,488,2940.00,3039.00,2020.8.2
631,,0.31,44,150,632,60,66,3080.00,3186.50,2020.8.2
632,,0.27,44,150,226671,60,87,3503.71,3604.21,2020.8.2
633,,1.0,59,150,634,2880,429,0.00,3030.00,2020.8.2
634,,0.04,58,150,635,90,467,2940.00,3036.00,2020.8.2
635,,0.35,44,150,636,60,106,2976.00,3088.50,2020.8.2
636,,0.3,44,150,226671,60,368,3280.00,3385.00,2020.8.2
226671,26880,0.0,-1,150,-1,0,0,7213.90,9133.90,2020.8.2
637,,4.8,2,96,638,1920,130,0.00,2380.80,2020.8.2
638,,0.48,44,96,639,60,66,2320.80,2426.88,2020.8.2
639,,0.37,46,96,640,90,555,2336.88,2462.40,2020.8.2
640,,0.4,44,96,641,60,106,3393.00,3491.40,2020.8.2
641,,4.0,44,96,642,60,98,3459.49,3903.49,2020.8.2
642,,2.19,43,96,643,90,195,3813.49,4113.73,2020.8.2
643,,0.96,2,96,644,150,298,3963.73,4205.89,2020.8.2
644,,0.37,44,96,645,60,103,4773.03,4868.55,2020.8.2
645,,0.8,58,96,226671,90,696,4778.55,4945.35,2020.8.2
646,,0.56,24,150,647,90,306,265.68,439.68,2020.8.2
647,,0.8,2,150,648,960,281,0.00,1080.00,2020.8.2
648,,0.56,43,150,649,90,253,2201.66,2375.66,2020.8.2
649,,1.0,59,150,650,2880,429,0.00,3030.00,2020.8.2
650,,0.3,58,150,651,90,721,2940.00,3075.00,2020.8.2
651,,0.4,2,150,652,150,367,2925.00,3135.00,2020.8.2
652,,0.3,44,150,653,60,648,3535.82,3640.82,2020.8.2
653,,2.0,44,150,654,60,99,6265.83,6625.83,2020.8.2
654,,0.34,44,150,655,60,99,6750.11,6861.11,2020.8.2
655,,1.33,44,150,656,60,103,6913.90,7173.40,2020.8.2
656,,0.27,58,150,226671,90,722,7083.40,7213.90,2020.8.2
685,,13.24,2,124,686,1920,69,180.00,3741.76,2020.8.2
686,,1.0,51,205,687,90,112,4330.60,4625.60,2020.8.2
687,,0.86,58,205,226661,90,721,4535.60,4801.90,2020.8.2
688,,4.11,47,23,689,1920,185,449.10,2463.63,2020.8.2
689,,1.0,59,23,690,2880,429,0.00,2903.00,2020.8.2
690,,0.86,44,23,691,60,308,2884.18,2963.96,2020.8.2
691,,0.48,44,23,692,60,98,3047.57,3118.61,2020.8.2
692,,1.0,59,23,693,2880,429,238.61,3141.61,2020.8.2
693,,1.26,2,23,694,150,369,2991.61,3170.59,2020.8.2
694,,0.4,44,23,695,60,99,5812.80,5882.00,2020.8.2
695,,0.24,58,23,226661,90,481,5792.00,5887.52,2020.8.2
226661,26880,0.0,-1,30,-1,0,0,7016.84,8936.84,2020.8.2
696,,0.71,46,18,697,90,145,92.64,195.42,2020.8.2
697,,0.67,24,18,698,90,552,582.56,684.62,2020.8.2
698,,0.63,2,18,699,150,296,534.62,695.96,2020.8.2
699,,0.73,43,18,700,90,198,605.96,709.10,2020.8.2
700,,0.96,2,18,701,150,623,559.10,726.38,2020.8.2
701,,0.53,51,18,702,90,112,3175.96,3275.50,2020.8.2
702,,3.43,50,18,703,90,670,3185.50,3337.24,2020.8.2
703,,0.67,43,18,704,90,137,3247.24,3349.30,2020.8.2
704,,1.0,59,18,705,2880,429,469.30,3367.30,2020.8.2
705,,0.46,58,18,706,90,714,3277.30,3375.58,2020.8.2
706,,1.45,2,18,707,150,65,3225.58,3401.68,2020.8.2
707,,0.41,44,18,708,60,99,6198.45,6265.83,2020.8.2
708,,2.82,44,18,709,60,368,6525.94,6636.70,2020.8.2
709,,0.48,44,18,226661,60,368,6948.20,7016.84,2020.8.2
781,,0.44,46,15,782,90,141,286.88,383.48,2020.8.2
782,,2.0,43,15,783,90,203,1082.04,1202.04,2020.8.2
783,,0.96,51,15,784,90,114,3430.92,3535.32,2020.8.2
784,,0.22,44,15,785,60,98,3964.23,4027.53,2020.8.2
785,,1.0,59,15,786,2880,429,1147.53,4042.53,2020.8.2
786,,0.07,58,15,787,90,466,3952.53,4043.58,2020.8.2
787,,0.22,44,15,788,60,99,4909.25,4972.55,2020.8.2
788,,0.18,44,15,789,60,99,5882.00,5944.70,2020.8.2
789,,0.24,58,15,226615,90,465,5854.70,5948.30,2020.8.2
790,,1.41,47,4,791,90,176,1927.62,2023.26,2020.8.2
791,,0.6,43,4,792,90,142,1933.26,2025.66,2020.8.2
792,,2.0,2,4,793,150,129,1875.66,2033.66,2020.8.2
793,,1.0,59,4,794,2880,429,0.00,2884.00,2020.8.2
794,,0.44,44,4,795,60,95,3756.50,3818.26,2020.8.2
795,,0.48,44,4,796,60,648,4218.78,4280.70,2020.8.2
796,,1.0,59,4,797,2880,429,1400.70,4284.70,2020.8.2
797,,1.41,2,4,798,150,129,4134.70,4290.34,2020.8.2
798,,0.3,44,4,226615,60,648,4687.16,4748.36,2020.8.2
226615,26880,0.0,-1,15,-1,0,0,6885.80,8805.80,2020.8.2
799,,3.81,47,15,800,1920,183,884.76,2861.91,2020.8.2
800,,1.0,59,15,801,2880,429,0.00,2895.00,2020.8.2
801,,0.48,51,15,802,90,120,2805.00,2902.20,2020.8.2
802,,0.24,43,15,803,90,203,2812.20,2905.80,2020.8.2
803,,0.37,44,15,804,60,95,2845.80,2911.35,2020.8.2
804,,0.4,44,15,805,60,103,5485.28,5551.28,2020.8.2
805,,1.0,59,15,806,2880,429,2671.28,5566.28,2020.8.2
806,,1.26,2,15,807,150,293,5416.28,5585.18,2020.8.2
807,,0.3,44,15,808,60,308,6475.96,6540.46,2020.8.2
808,,0.44,58,15,226615,90,716,6450.46,6547.06,2020.8.2
809,,1.41,47,16,810,90,183,772.20,884.76,2020.8.2
810,,1.0,2,16,811,150,126,734.76,900.76,2020.8.2
811,,1.0,59,16,812,2880,429,0.00,2896.00,2020.8.2
812,,1.71,2,16,813,150,130,2746.00,2923.36,2020.8.2
813,,1.0,59,16,814,2880,429,43.36,2939.36,2020.8.2
814,,0.07,58,16,815,90,693,2849.36,2940.48,2020.8.2
815,,0.96,44,16,226615,60,368,6810.44,6885.80,2020.8.2
816,,3.0,47,45,817,0,176,2677.26,2812.26,2020.8.2
817,,4.0,43,45,818,0,203,3189.27,3369.27,2020.8.2
818,,20.0,2,45,819,0,363,3369.27,4269.27,2020.8.2
819,,1.2,44,45,820,0,103,4277.44,4331.44,2020.8.2
820,,3.2,44,45,821,0,66,4566.99,4710.99,2020.8.2
821,,1.2,2,45,226615,0,370,4710.99,4764.99,2020.8.2
822,,0.44,46,10,823,90,141,383.48,477.88,2020.8.2
823,,2.0,43,10,824,90,215,3084.80,3194.80,2020.8.2
824,,0.96,51,10,825,90,114,3628.17,3727.77,2020.8.2
825,,0.22,44,10,826,60,99,3667.77,3729.97,2020.8.2
826,,1.0,59,10,827,2880,429,849.97,3739.97,2020.8.2
827,,0.07,58,10,828,90,468,3649.97,3740.67,2020.8.2
828,,0.22,44,10,829,60,66,4504.79,4566.99,2020.8.2
829,,0.18,44,10,830,60,106,6626.00,6687.80,2020.8.2
830,,0.24,58,10,226644,90,477,6597.80,6690.20,2020.8.2
831,,48.0,2,47,832,0,65,212.92,2468.92,2020.8.2
832,,12.0,43,47,833,0,206,2883.44,3447.44,2020.8.2
833,,2.0,44,47,834,0,66,3447.44,3541.44,2020.8.2
834,,34.29,61,47,835,0,554,3541.44,5153.07,2020.8.2
835,,1.0,59,47,836,0,429,5153.07,5200.07,2020.8.2
836,,3.0,44,47,837,0,103,6141.75,6282.75,2020.8.2
837,,8.0,2,47,226644,0,74,6282.75,6658.75,2020.8.2
226644,26880,0.0,-1,10,-1,0,0,7079.84,8999.84,2020.8.2
838,,7.5,47,10,839,0,627,2290.19,2365.19,2020.8.2
839,,80.0,2,10,840,0,68,2365.19,3165.19,2020.8.2
840,,1.2,43,10,841,0,215,3960.36,3972.36,2020.8.2
841,,18.46,43,10,226644,0,203,3981.39,4165.99,2020.8.2
842,,1.41,47,10,843,90,183,347.70,451.80,2020.8.2
843,,0.6,43,10,844,90,215,2988.80,3084.80,2020.8.2
844,,2.0,2,10,845,150,623,2934.80,3104.80,2020.8.2
845,,1.0,59,10,846,2880,429,224.80,3114.80,2020.8.2
846,,0.44,44,10,847,60,648,3409.64,3474.04,2020.8.2
847,,0.48,44,10,848,60,87,3604.21,3669.01,2020.8.2
848,,1.0,59,10,849,2880,429,789.01,3679.01,2020.8.2
849,,1.41,2,10,850,150,73,3529.01,3693.11,2020.8.2
850,,0.3,44,10,226644,60,368,7016.84,7079.84,2020.8.2
851,,3.81,47,10,852,1920,627,238.89,2196.99,2020.8.2
852,,1.0,59,10,853,2880,429,0.00,2890.00,2020.8.2
853,,0.48,51,10,854,90,114,2800.00,2894.80,2020.8.2
854,,0.24,43,10,855,90,215,2804.80,2897.20,2020.8.2
855,,0.37,44,10,856,60,368,2837.20,2900.90,2020.8.2
856,,0.4,44,10,857,60,66,3186.50,3250.50,2020.8.2
857,,1.0,59,10,858,2880,429,370.50,3260.50,2020.8.2
858,,1.26,2,10,859,150,285,3110.50,3273.10,2020.8.2
859,,0.3,44,10,860,60,368,6462.94,6525.94,2020.8.2
860,,0.44,58,10,226644,90,728,6435.94,6530.34,2020.8.2
861,,2.67,47,10,862,90,183,231.00,347.70,2020.8.2
862,,4.0,2,10,863,150,79,197.70,387.70,2020.8.2
863,,1.0,43,10,864,90,204,1191.30,1291.30,2020.8.2
864,,1.2,2,10,865,90,85,1201.30,1303.30,2020.8.2
865,,1.33,2,10,866,150,288,1153.30,1316.60,2020.8.2
866,,0.53,58,10,867,90,466,1226.60,1321.90,2020.8.2
867,,0.57,44,10,868,60,99,5944.70,6010.40,2020.8.2
868,,0.6,44,10,869,60,308,6348.88,6414.88,2020.8.2
869,,0.62,58,10,226644,90,466,6324.88,6421.08,2020.8.2
870,,2.67,47,10,871,0,185,216.00,242.70,2020.8.2
871,,3.0,43,10,872,0,195,242.70,272.70,2020.8.2
872,,10.0,2,10,873,0,285,272.70,372.70,2020.8.2
873,,1.0,59,10,874,0,429,372.70,382.70,2020.8.2
874,,0.18,58,10,875,0,694,382.70,384.50,2020.8.2
875,,0.89,44,10,876,0,103,4868.55,4877.45,2020.8.2
876,,3.0,2,10,877,0,77,4877.45,4907.45,2020.8.2
877,,1.0,2,10,226644,0,130,4907.45,4917.45,2020.8.2
910,,1.0,59,10,911,2880,429,0.00,2890.00,2020.8.2
911,,0.04,58,10,912,90,719,2800.00,2890.40,2020.8.2
912,,0.35,44,10,913,60,66,4226.78,4290.28,2020.8.2
913,,0.3,44,10,226625,60,98,4491.27,4554.27,2020.8.2
914,,0.56,24,2,915,90,552,0.00,91.12,2020.8.2
915,,0.8,2,2,916,960,70,164.30,1125.90,2020.8.2
916,,0.56,43,2,917,90,253,2007.24,2098.36,2020.8.2
917,,1.0,59,2,918,2880,429,0.00,2882.00,2020.8.2
918,,0.3,58,2,919,90,485,2792.00,2882.60,2020.8.2
919,,0.4,2,2,920,150,126,2732.60,2883.40,2020.8.2
920,,0.3,44,2,921,60,648,3740.82,3801.42,2020.8.2
921,,1.6,44,2,922,60,103,3898.98,3962.18,2020.8.2
922,,0.34,44,2,923,60,368,6276.66,6337.34,2020.8.2
923,,1.33,44,2,924,60,98,6446.05,6508.71,2020.8.2
924,,0.27,58,2,925,90,482,6418.71,6509.25,2020.8.2
925,,1.5,44,2,926,0,99,7049.11,7052.11,2020.8.2
926,,0.27,58,2,226625,0,720,7052.11,7052.65,2020.8.2
226625,26880,0.0,-1,10,-1,0,0,7052.65,8972.65,2020.8.2
994,,1.0,59,50,995,2880,429,0.00,2930.00,2020.8.2
995,,0.04,58,50,996,90,717,2840.00,2932.00,2020.8.2
996,,0.28,44,50,997,60,103,4142.08,4216.08,2020.8.2
997,,0.3,44,50,226637,60,368,7361.04,7436.04,2020.8.2
998,,2.0,2,52,999,150,78,0.00,254.00,2020.8.2
999,,0.86,2,52,1000,150,76,104.00,298.72,2020.8.2
1000,,2.4,43,52,1001,90,137,1869.60,2084.40,2020.8.2
1001,,0.62,43,52,1002,90,150,1994.40,2116.64,2020.8.2
1002,,1.2,43,52,1003,90,204,3136.96,3289.36,2020.8.2
1003,,0.57,51,51,1004,90,114,3727.77,3846.84,2020.8.2
1004,,0.55,43,51,1005,90,203,3756.84,3874.89,2020.8.2
1005,,0.69,43,51,1006,90,150,3784.89,3910.08,2020.8.2
1006,,2.07,43,51,1007,90,199,3950.00,4145.57,2020.8.2
1007,,1.2,51,51,1008,90,114,4055.57,4206.77,2020.8.2
1008,,0.48,44,51,1009,60,648,4602.68,4687.16,2020.8.2
1009,,0.69,2,51,1010,150,292,4537.16,4722.35,2020.8.2
1010,,0.92,44,51,1011,60,308,6726.34,6833.26,2020.8.2
1011,,0.86,58,51,226637,60,696,6773.26,6877.12,2020.8.2
226637,26880,0.0,-1,50,-1,0,0,7436.04,9356.04,2020.8.2
1012,,0.6,46,50,1013,90,310,90.60,210.60,2020.8.2
1013,,0.44,2,50,1014,150,292,60.60,232.60,2020.8.2
1014,,0.56,24,50,1015,90,306,585.68,703.68,2020.8.2
1015,,0.8,51,50,1016,960,113,2108.96,3108.96,2020.8.2
1016,,0.56,43,50,1017,90,204,3018.96,3136.96,2020.8.2
1017,,1.0,59,50,1018,2880,429,256.96,3186.96,2020.8.2
1018,,0.3,58,50,1019,90,727,3096.96,3201.96,2020.8.2
1019,,0.4,2,50,1020,150,79,3051.96,3221.96,2020.8.2
1020,,0.3,44,50,1021,60,106,6758.90,6833.90,2020.8.2
1021,,1.6,44,50,1022,60,103,6773.90,6913.90,2020.8.2
1022,,0.34,44,50,1023,60,99,6972.11,7049.11,2020.8.2
1023,,0.8,44,50,1024,60,368,7079.84,7179.84,2020.8.2
1024,,1.33,44,50,1025,60,106,7235.04,7361.54,2020.8.2
1025,,0.27,58,50,226637,90,481,7271.54,7375.04,2020.8.2
978,,0.3,44,17,979,60,103,1933.92,1999.02,2020.8.2
979,,0.71,46,17,980,90,310,1909.02,2011.09,2020.8.2
980,,1.71,51,17,981,90,120,3104.65,3223.72,2020.8.2
981,,1.2,44,17,982,60,99,3163.72,3244.12,2020.8.2
982,,1.0,59,17,983,2880,429,364.12,3261.12,2020.8.2
983,,0.07,58,17,984,90,484,3171.12,3262.31,2020.8.2
984,,0.53,44,17,985,60,87,4333.16,4402.17,2020.8.2
985,,0.27,44,17,986,60,66,4440.20,4504.79,2020.8.2
986,,2.18,44,17,987,60,98,4554.27,4651.33,2020.8.2
987,,0.27,44,17,988,60,103,5420.69,5485.28,2020.8.2
988,,0.75,58,17,226621,90,715,5395.28,5498.03,2020.8.2
989,,3.43,47,7,990,90,176,2812.26,2926.27,2020.8.2
990,,9.6,2,7,991,150,85,2776.27,2993.47,2020.8.2
991,,4.8,43,7,226621,90,199,4145.57,4269.17,2020.8.2
226621,26880,0.0,-1,30,-1,0,0,5498.03,7418.03,2020.8.2
992,,8.0,2,18,993,150,293,16.00,310.00,2020.8.2
993,,5.71,43,18,226621,90,206,3999.94,4192.72,2020.8.2
927,,1.0,59,30,928,2880,429,0.00,2910.00,2020.8.2
928,,0.04,58,30,929,90,489,2820.00,2911.20,2020.8.2
929,,0.35,44,30,930,60,66,3541.44,3611.94,2020.8.2
930,,0.3,44,30,226676,60,368,7436.04,7505.04,2020.8.2
931,,0.96,50,12,932,90,88,91.78,193.30,2020.8.2
932,,1.0,59,12,933,2880,429,0.00,2892.00,2020.8.2
933,,0.07,58,12,226676,90,694,2802.00,2892.84,2020.8.2
226676,26880,0.0,-1,30,-1,0,0,7505.04,9425.04,2020.8.2
934,,2.0,2,30,935,150,363,0.00,210.00,2020.8.2
935,,0.86,2,30,936,150,289,60.00,235.80,2020.8.2
936,,1.6,43,30,937,90,137,2084.40,2222.40,2020.8.2
937,,0.62,43,30,938,90,150,2132.40,2241.00,2020.8.2
938,,1.1,51,30,939,90,112,3052.96,3175.96,2020.8.2
939,,0.57,51,30,940,90,113,3848.04,3955.14,2020.8.2
940,,0.55,43,30,941,90,203,3874.89,3981.39,2020.8.2
941,,1.6,43,30,942,90,150,3910.08,4048.08,2020.8.2
942,,0.6,51,30,943,90,120,4193.32,4301.32,2020.8.2
943,,0.48,44,30,944,60,99,4834.85,4909.25,2020.8.2
944,,0.69,2,30,945,150,125,4759.25,4929.95,2020.8.2
945,,0.92,44,30,946,60,66,4915.39,5002.99,2020.8.2
946,,0.86,58,30,226676,60,717,4942.99,5028.79,2020.8.2
947,,0.8,44,30,226676,60,103,5016.97,5100.97,2020.8.2
948,,1.41,47,29,949,90,627,108.00,238.89,2020.8.2
949,,0.8,2,29,950,150,295,88.89,262.09,2020.8.2
950,,1.2,43,29,951,90,215,172.09,296.89,2020.8.2
951,,0.44,43,29,952,90,253,1375.88,1478.64,2020.8.2
952,,3.43,43,29,953,90,203,2905.80,3095.27,2020.8.2
953,,0.4,44,29,954,60,103,5908.55,5980.15,2020.8.2
954,,0.4,44,29,955,60,103,5980.15,6051.75,2020.8.2
955,,1.0,59,29,956,2880,429,3171.75,6080.75,2020.8.2
956,,0.3,44,29,957,60,648,7004.90,7073.60,2020.8.2
957,,0.48,58,29,226676,90,483,6983.60,7087.52,2020.8.2
958,,4.8,2,30,959,1920,25,0.00,2064.00,2020.8.2
959,,0.48,44,30,960,60,106,2004.00,2078.40,2020.8.2
960,,0.37,46,30,961,90,64,1988.40,2089.50,2020.8.2
961,,0.4,44,30,962,60,368,2029.50,2101.50,2020.8.2
962,,4.0,44,30,963,60,98,2041.50,2221.50,2020.8.2
963,,2.19,43,30,964,90,198,2131.50,2287.20,2020.8.2
964,,0.96,2,30,965,150,296,2881.70,3060.50,2020.8.2
965,,0.37,44,30,966,60,106,6687.80,6758.90,2020.8.2
966,,0.8,58,30,226676,90,693,6668.90,6782.90,2020.8.2
967,,0.56,24,30,968,90,552,475.76,582.56,2020.8.2
968,,0.8,2,30,969,960,369,0.00,984.00,2020.8.2
969,,0.56,43,30,970,90,150,894.00,1000.80,2020.8.2
970,,1.0,59,30,971,2880,429,0.00,2910.00,2020.8.2
971,,0.3,58,30,972,90,693,2820.00,2919.00,2020.8.2
972,,0.4,2,30,973,150,370,2769.00,2931.00,2020.8.2
973,,0.3,44,30,974,60,87,3370.31,3439.31,2020.8.2
974,,2.0,44,30,975,60,106,3491.40,3611.40,2020.8.2
975,,0.34,44,30,976,60,99,3803.32,3873.52,2020.8.2
976,,1.33,44,30,977,60,103,4042.18,4142.08,2020.8.2
977,,0.27,58,30,226676,90,722,4052.08,4150.18,2020.8.2
1086,,1.0,59,1,1087,2880,429,0.00,2881.00,2020.8.2
1087,,0.04,58,1,1088,90,484,2791.00,2881.04,2020.8.2
1088,,0.28,44,1,1089,60,648,6944.62,7004.90,2020.8.2
1089,,0.3,44,1,226702,60,106,7361.54,7421.84,2020.8.2
1090,,0.6,46,1,1091,90,145,195.42,286.02,2020.8.2
1091,,0.44,2,1,1092,150,291,136.02,286.46,2020.8.2
1092,,0.56,24,1,1093,90,552,876.94,967.50,2020.8.2
1093,,0.8,51,1,1094,960,112,3369.80,4330.60,2020.8.2
1094,,0.56,43,1,1095,90,253,4240.60,4331.16,2020.8.2
1095,,1.0,59,1,1096,2880,429,1451.16,4332.16,2020.8.2
1096,,0.3,58,1,1097,90,720,4242.16,4332.46,2020.8.2
1097,,0.4,2,1,1098,150,70,4182.46,4332.86,2020.8.2
1098,,0.3,44,1,1099,60,87,4272.86,4333.16,2020.8.2
1099,,1.6,44,1,1100,60,106,4273.16,4334.76,2020.8.2
1100,,0.34,44,1,1101,60,308,6540.46,6600.80,2020.8.2
1101,,0.8,44,1,1102,60,98,6638.51,6699.31,2020.8.2
1102,,1.33,44,1,1103,60,308,6833.26,6894.59,2020.8.2
1103,,0.27,58,1,226702,90,717,6804.59,6894.86,2020.8.2
226702,26880,0.0,-1,1,-1,0,0,7421.84,9341.84,2020.8.2
1104,,1.0,59,1,1105,2880,429,0.00,2881.00,2020.8.2
1105,,0.04,58,1,1106,90,487,2791.00,2881.04,2020.8.2
1106,,0.28,44,1,1107,60,99,6625.83,6686.11,2020.8.2
1107,,0.3,44,1,226706,60,99,7052.11,7112.41,2020.8.2
1108,,0.6,46,1,1109,90,310,0.00,90.60,2020.8.2
1109,,0.44,2,1,1110,150,68,0.00,150.44,2020.8.2
1110,,0.56,24,1,1111,90,552,385.20,475.76,2020.8.2
1111,,0.8,51,1,1112,960,113,0.00,960.80,2020.8.2
1112,,0.56,43,1,1113,90,137,870.80,961.36,2020.8.2
1113,,1.0,59,1,1114,2880,429,0.00,2881.00,2020.8.2
1114,,0.3,58,1,1115,90,698,2791.00,2881.30,2020.8.2
1115,,0.4,2,1,1116,150,296,2731.30,2881.70,2020.8.2
1116,,0.3,44,1,1117,60,87,3669.01,3729.31,2020.8.2
1117,,1.6,44,1,1118,60,95,3694.90,3756.50,2020.8.2
1118,,0.34,44,1,1119,60,103,4591.62,4651.96,2020.8.2
1119,,0.8,44,1,1120,60,103,4651.96,4712.76,2020.8.2
1120,,1.33,44,1,1121,60,103,6344.23,6405.56,2020.8.2
1121,,0.27,58,1,226706,90,428,6315.56,6405.83,2020.8.2
226706,26880,0.0,-1,1,-1,0,0,7112.41,9032.41,2020.8.2
1026,,1.0,59,100,1027,2880,429,0.00,2980.00,2020.8.2
1027,,0.04,58,100,1028,90,725,2890.00,2984.00,2020.8.2
1028,,0.35,44,100,1029,60,98,3118.61,3213.61,2020.8.2
1029,,0.3,44,100,226687,60,368,3385.00,3475.00,2020.8.2
1030,,1.6,50,100,1031,90,89,0.00,250.00,2020.8.2
1031,,1.0,59,100,1032,2880,429,0.00,2980.00,2020.8.2
1032,,0.08,58,100,226687,90,428,2890.00,2988.00,2020.8.2
226687,26880,0.0,-1,100,-1,0,0,7598.84,9518.84,2020.8.2
1033,,0.8,44,75,226687,60,99,0.00,120.00,2020.8.2
1034,,0.3,43,100,1035,90,143,0.00,120.00,2020.8.2
1035,,0.48,51,100,1036,90,120,30.00,168.00,2020.8.2
1036,,3.43,43,100,1037,90,253,1478.64,1911.64,2020.8.2
1037,,0.4,44,100,1038,60,648,3248.44,3348.44,2020.8.2
1038,,0.96,2,100,1039,150,85,3198.44,3444.44,2020.8.2
1039,,0.3,44,100,1040,60,106,7049.89,7139.89,2020.8.2
1040,,0.34,58,100,226687,90,695,7049.89,7173.89,2020.8.2
1041,,1.41,47,100,1042,90,183,0.00,231.00,2020.8.2
1042,,2.53,2,100,1043,150,370,81.00,484.00,2020.8.2
1043,,0.8,51,100,1044,90,112,2882.96,3052.96,2020.8.2
1044,,2.67,2,100,1045,150,71,2902.96,3319.96,2020.8.2
1045,,2.4,43,100,1046,90,195,3229.96,3559.96,2020.8.2
1046,,0.4,44,100,1047,60,103,3499.96,3599.96,2020.8.2
1047,,0.4,44,100,1048,60,648,3640.82,3740.82,2020.8.2
1048,,1.0,59,100,1049,2880,429,860.82,3840.82,2020.8.2
1049,,0.3,44,100,1050,60,103,6051.75,6141.75,2020.8.2
1050,,0.3,58,100,226687,90,488,6051.75,6171.75,2020.8.2
1051,,3.0,2,95,1052,1920,125,0.00,2205.00,2020.8.2
1052,,0.48,44,95,1053,60,66,2426.88,2532.48,2020.8.2
1053,,0.37,46,95,1054,90,145,2442.48,2567.63,2020.8.2
1054,,0.32,44,95,1055,60,99,3244.12,3334.52,2020.8.2
1055,,2.0,44,95,1056,60,308,5686.16,5936.16,2020.8.2
1056,,1.66,43,95,1057,90,142,5846.16,6093.86,2020.8.2
1057,,0.96,2,95,1058,150,72,5943.86,6185.06,2020.8.2
1058,,0.37,44,95,1059,60,106,7139.89,7235.04,2020.8.2
1059,,0.8,58,95,226687,90,485,7145.04,7311.04,2020.8.2
1060,,0.56,24,100,1061,90,306,439.68,585.68,2020.8.2
1061,,0.8,2,100,1062,960,294,0.00,1040.00,2020.8.2
1062,,0.56,43,100,1063,90,204,950.00,1096.00,2020.8.2
1063,,1.0,59,100,1064,2880,429,0.00,2980.00,2020.8.2
1064,,0.3,58,100,1065,90,480,2890.00,3010.00,2020.8.2
1065,,0.4,2,100,1066,150,74,2860.00,3050.00,2020.8.2
1066,,0.3,44,100,1067,60,66,2990.00,3080.00,2020.8.2
1067,,2.0,44,100,1068,60,368,3020.00,3280.00,2020.8.2
1068,,0.34,44,100,1069,60,87,3790.91,3884.91,2020.8.2
1069,,1.33,44,100,1070,60,99,4581.04,4774.04,2020.8.2
1070,,0.27,58,100,1084,90,695,4684.04,4801.04,2020.8.2
1071,,2.0,2,100,1072,150,72,0.00,350.00,2020.8.2
1072,,0.86,2,100,1073,150,129,200.00,436.00,2020.8.2
1073,,1.6,43,100,1074,90,137,346.00,596.00,2020.8.2
1074,,0.62,43,100,1075,90,215,506.00,658.00,2020.8.2
1075,,1.1,51,100,1076,90,114,2894.80,3094.80,2020.8.2
1076,,0.57,51,100,1077,90,114,3094.80,3241.80,2020.8.2
1077,,0.55,43,100,1078,90,150,3151.80,3296.80,2020.8.2
1078,,1.6,43,100,1079,90,215,3306.60,3556.60,2020.8.2
1079,,0.6,51,100,1080,90,113,3698.04,3848.04,2020.8.2
1080,,0.48,44,100,1081,60,368,5932.62,6040.62,2020.8.2
1081,,0.69,2,100,1082,150,291,5890.62,6109.62,2020.8.2
1082,,0.92,44,100,1083,60,106,6897.89,7049.89,2020.8.2
1083,,0.86,58,100,1084,60,478,6989.89,7135.89,2020.8.2
1084,,1.5,44,100,1085,0,106,7421.84,7571.84,2020.8.2
1085,,0.27,58,100,226687,0,467,7571.84,7598.84,2020.8.2
1478,,15.0,2,572,1479,150,286,0.00,8730.00,2020.8.2
1479,,4.0,43,572,1480,90,143,8640.00,11018.00,2020.8.2
1480,,8.28,51,572,1481,90,115,10928.00,15754.16,2020.8.2
1481,,1.0,59,572,1482,2880,429,12874.16,16326.16,2020.8.2
1482,,0.67,58,572,1483,90,710,16236.16,16709.40,2020.8.2
1483,,3.43,44,572,1484,60,95,16649.40,18671.36,2020.8.2
1484,,3.43,2,572,1485,150,288,18521.36,20633.32,2020.8.2
1485,,8.28,44,572,1486,60,87,20573.32,25369.48,2020.8.2
1486,,2.09,59,572,1487,2880,429,22489.48,26564.96,2020.8.2
1487,,7.27,2,572,226592,150,367,26414.96,30723.40,2020.8.2
1488,,4.36,44,314,1499,60,98,4944.11,6373.15,2020.8.2
1489,,2.82,47,486,1490,90,627,2365.19,3825.71,2020.8.2
1490,,3.43,2,486,1491,150,279,3675.71,5492.69,2020.8.2
1491,,4.36,2,486,1492,150,284,5342.69,7611.65,2020.8.2
1492,,4.8,24,486,1493,90,552,7521.65,9944.45,2020.8.2
1493,,3.69,2,486,1494,150,557,9794.45,11737.79,2020.8.2
1494,,6.86,43,486,1495,90,137,11647.79,15071.75,2020.8.2
1495,,7.5,2,486,1496,150,81,14921.75,18716.75,2020.8.2
1496,,1.85,51,486,1497,90,114,18626.75,19615.85,2020.8.2
1497,,0.8,58,486,1498,90,487,19525.85,20004.65,2020.8.2
1498,,1.71,58,186,1499,90,469,19914.65,20322.71,2020.8.2
1499,,8.0,44,223,226592,60,98,20262.71,22106.71,2020.8.2
226592,26880,0.0,-1,400,-1,0,0,30723.40,32643.40,2020.8.2
1456,,15.0,2,200,1457,150,11,0.00,3150.00,2020.8.2
1457,,4.0,43,200,1458,90,199,3060.00,3950.00,2020.8.2
1458,,8.28,51,200,1459,90,643,3860.00,5606.00,2020.8.2
1459,,1.0,59,200,1460,2880,429,2726.00,5806.00,2020.8.2
1460,,0.67,58,200,1461,90,478,5716.00,5940.00,2020.8.2
1461,,3.43,44,200,1462,60,106,5880.00,6626.00,2020.8.2
1462,,3.43,2,200,1463,150,297,6476.00,7312.00,2020.8.2
1463,,8.28,44,200,1464,60,66,7252.00,8968.00,2020.8.2
1464,,2.09,59,200,1465,2880,429,6088.00,9386.00,2020.8.2
1465,,7.27,2,200,226652,150,296,9236.00,10840.00,2020.8.2
1466,,4.36,44,200,1477,60,648,7073.60,8005.60,2020.8.2
1467,,2.82,47,200,1468,90,176,2023.26,2677.26,2020.8.2
1468,,3.43,2,200,1469,150,280,2527.26,3363.26,2020.8.2
1469,,4.36,2,200,1470,150,645,3213.26,4235.26,2020.8.2
1470,,4.8,24,200,1471,90,306,4145.26,5195.26,2020.8.2
1471,,3.69,2,200,1472,150,295,5045.26,5933.26,2020.8.2
1472,,6.86,43,200,1473,90,204,5843.26,7305.26,2020.8.2
1473,,7.5,2,200,1474,150,80,7155.26,8805.26,2020.8.2
1474,,1.85,51,200,1475,90,113,8715.26,9175.26,2020.8.2
1475,,0.8,58,200,1476,90,484,9085.26,9335.26,2020.8.2
1476,,1.71,58,200,1477,90,721,9245.26,9677.26,2020.8.2
1477,,8.0,44,200,226652,60,308,9617.26,11277.26,2020.8.2
226652,26880,0.0,-1,200,-1,0,0,11277.26,13197.26,2020.8.2
1646,,1.0,59,2,1647,2880,429,0.00,2882.00,2020.8.2
1647,,0.04,58,2,1648,90,716,2792.00,2882.08,2020.8.2
1648,,0.89,44,2,1649,60,103,3068.08,3129.86,2020.8.2
1649,,0.86,44,2,1650,60,99,7422.65,7484.37,2020.8.2
1650,,0.24,44,2,226598,60,99,7484.37,7544.85,2020.8.2
1651,,0.44,46,2,1652,90,141,0.00,90.88,2020.8.2
1652,,1.33,43,2,1653,90,195,0.88,93.54,2020.8.2
1653,,0.8,51,2,1654,90,120,168.00,259.60,2020.8.2
1654,,0.44,44,2,1655,60,648,2014.08,2074.96,2020.8.2
1655,,1.0,59,2,1656,2880,429,0.00,2882.00,2020.8.2
1656,,0.06,58,2,1657,90,720,2792.00,2882.12,2020.8.2
1657,,0.44,44,2,1658,60,103,3007.20,3068.08,2020.8.2
1658,,0.37,44,2,1659,60,308,3085.54,3146.28,2020.8.2
1659,,0.16,44,2,1660,60,308,6156.16,6216.48,2020.8.2
1660,,0.24,58,2,226598,90,723,6126.48,6216.96,2020.8.2
226598,26880,0.0,-1,2,-1,0,0,7544.85,9464.85,2020.8.2
1661,,1.6,47,2,1662,90,627,2196.99,2290.19,2020.8.2
1662,,0.53,43,2,1663,90,195,2200.19,2291.25,2020.8.2
1663,,1.85,2,2,1664,150,78,2141.25,2294.95,2020.8.2
1664,,2.18,43,2,1665,90,150,2344.40,2438.76,2020.8.2
1665,,0.8,43,2,1666,90,215,2897.20,2988.80,2020.8.2
1666,,0.8,44,2,1667,60,98,3213.61,3275.21,2020.8.2
1667,,0.4,44,2,1668,60,106,3268.50,3329.30,2020.8.2
1668,,1.0,59,2,1669,2880,429,449.30,3331.30,2020.8.2
1669,,2.53,2,2,1670,150,11,3181.30,3336.36,2020.8.2
1670,,0.24,44,2,1671,60,99,7299.17,7359.65,2020.8.2
1671,,0.38,58,2,226598,90,479,7269.65,7360.41,2020.8.2
1672,,1.2,47,2,1673,90,183,451.80,544.20,2020.8.2
1673,,0.53,43,2,1674,90,204,552.16,643.22,2020.8.2
1674,,2.0,2,2,1675,150,282,493.22,647.22,2020.8.2
1675,,0.67,43,2,1676,90,253,2375.66,2467.00,2020.8.2
1676,,1.0,59,2,1677,2880,429,0.00,2882.00,2020.8.2
1677,,0.43,51,2,1678,90,114,3948.81,4039.67,2020.8.2
1678,,0.57,44,2,1679,60,98,4247.32,4308.46,2020.8.2
1679,,0.37,44,2,1680,60,98,4308.46,4369.20,2020.8.2
1680,,1.0,59,2,1681,2880,429,1489.20,4371.20,2020.8.2
1681,,1.2,2,2,1682,150,282,4221.20,4373.60,2020.8.2
1682,,0.2,44,2,1683,60,99,5752.40,5812.80,2020.8.2
1683,,0.38,58,2,226598,90,480,5722.80,5813.56,2020.8.2
